{"cameraMode":{"drawMode":0,"name":"Shaded","section":"Shading Mode"},"sceneLighting":true,"audioPlay":false,"sceneViewState":{"m_AlwaysRefresh":false,"showFog":true,"showSkybox":true,"showFlares":true,"showImageEffects":true,"showParticleSystems":true,"showVisualEffectGraphs":true,"m_FxEnabled":true},"in2DMode":false,"pivot":{"x":-1.095694899559021,"y":0.20985031127929688,"z":-0.7254443168640137},"rotation":{"x":-0.04580805078148842,"y":0.9341867566108704,"z":-0.13003705441951753,"w":-0.3290886878967285},"size":2.0366320610046388,"orthographic":false}