{"cameraMode":{"drawMode":0,"name":"Shaded","section":"Shading Mode"},"sceneLighting":false,"audioPlay":false,"sceneViewState":{"m_AlwaysRefresh":false,"showFog":true,"showSkybox":false,"showFlares":true,"showImageEffects":true,"showParticleSystems":true,"showVisualEffectGraphs":true,"m_FxEnabled":true},"in2DMode":false,"pivot":{"x":-0.09824223816394806,"y":1.1786963939666749,"z":-0.15993210673332215},"rotation":{"x":-0.009711770340800286,"y":0.987747073173523,"z":-0.0685698390007019,"w":-0.1398986577987671},"size":0.3025796711444855,"orthographic":false}